Number,Series,Title,Artist,Date,Bytes,Colours,Width,Height,Format,XCF,Source
0000,00,Deer Butt,Zoe Trentacles,2017-02-01,6676,6,350,543,PNG,NA,https://zoetrentacles.tumblr.com/image/153881575491
0001,00,Jealousy,Randall Munroe,2017-02-02,7941,1,538,584,PNG,NA,https://www.xkcd.com/420
0002,00,Sue Sakomotem,Unknown,2017-02-03,500,5,64,64,PNG,NA,https://e926.net/post/show/856834
0003,00,View from the Artist's Window,Martinus Rørbye,2017-02-04,6981,4,214,272,PNG,NA,https://commons.wikimedia.org/wiki/File:Martinus_R%C3%B8rbye_-_View_from_the_Artist%27s_Window_-_Google_Art_Project.jpg
0004,00,Tiny GIF,Unknown,2017-02-05,26,0,1,1,GIF,NA,https://probablyprogramming.com/2009/03/15/the-tiniest-gif-ever
0005,00,Dubfire,Unknown,2017-02-06,9488,All,359,428,JPEG,NA,https://commons.wikimedia.org/wiki/File:Hands_Dubfire_Photo.jpg
0006,00,Businesstem,Plague of Gripes,2017-02-07,4359,12,256,256,PNG,NA,http://plagueofgripes.tumblr.com/post/131450228176/random-underpoop
0007,00,Valleyburn,Riotmode,2017-02-08,1826,12,128,128,PNG,NA,https://e926.net/post/show/1018684
0008,00,Magic Stylus,Tyson Tan,2017-02-09,9893,16,250,125,PNG,NA,https://tysontan.deviantart.com/art/The-Magic-Stylus-570566846
0009,00,He Does It!,Katribou,2017-02-10,964,4,100,100,PNG,NA,https://katribou.tumblr.com/post/128520296343/splat-tim-but-with-another-gun
0010,00,Originality,Nina Paley,2017-02-11,9589,3,900,280,PNG,NA,http://mimiandeunice.com/2010/12/03/originality
0011,00,About NSFW,NA,2017-02-12,NA,NA,NA,NA,NA,NA,NA
0012,00,The Heist,Trout,2017-02-13,4379,11,293,231,PNG,NA,https://www.furaffinity.net/view/20359574
0013,00,Brionne,abc002310,2017-02-15,8768,10,416,421,PNG,NA,https://abc002310.deviantart.com/art/Brionne-642639573
0014,00,Mountaintype,Unknown,2017-02-16,5177,8,340,180,PNG,NA,https://protonmail.com
0015,00,Smooches,InuHosi-to-DarkPen,2017-02-17,9733,7,267,326,PNG,NA,https://inuhoshi-to-darkpen.deviantart.com/art/Smooches-657916252
0016,00,Bune,brokenlynx21,2017-02-18,3274,6,216,250,PNG,NA,https://e926.net/post/show/865182
0017,00,ISO 8601,Randall Munroe,2017-02-19,2069,1,332,122,PNG,NA,https://www.xkcd.com/1179
0018,00,Berries,Miss Butler,2017-02-20,8105,All,368,500,JPEG,NA,https://missbutlersketch.tumblr.com/post/154098776746
0019,00,Hydra Bay,Unknown,2017-02-22,7299,1,497,359,PNG,NA,https://commons.wikimedia.org/wiki/File:The_Hydra_Bay_logo.png
0020,00,Kitchen Knife,Hannah Höch,2017-02-23,5039,8,128,128,PNG,NA,https://en.wikipedia.org/wiki/File:Hoch-Cut_With_the_Kitchen_Knife.jpg
0021,00,Doggy Girl,s1120411,2017-02-25,4039,8,124,490,PNG,NA,https://s1120411.tumblr.com/post/97809826245/thinking-of-eating
0022,00,Peacemakers,George Bellows,2017-02-26,6666,3,174,322,PNG,NA,https://commons.wikimedia.org/wiki/File:Blessed_are_the_Peacemakers.gif
0023,00,e926,Unknown,2017-02-27,181,3,14,14,PNG,NA,https://e926.net/favicon.ico
0024,00,Splashdown,Unknown,2017-02-28,7484,32,225,175,PNG,NA,https://en.wikipedia.org/wiki/File:RollerCoaster_Tycoon_2_-_Interface_and_Rides.png
0025,00,Perfect,Nina Paley,2017-03-02,6373,2,778,338,PNG,NA,http://mimiandeunice.com/2010/07/26/perfect/
0026,00,Gun,Kitchiki,2017-03-03,7204,16,234,409,PNG,NA,https://kitchiki.deviantart.com/art/DID-SOMEPONY-SAY-GILDA-336101856
0027,00,McPerson,Shane Frost,2017-03-04,4492,4,399,712,PNG,NA,https://www.furaffinity.net/full/21668893/
0028,00,Snow,Unknown,2017-03-05,3632,4,200,150,PNG,NA,Katawa Shoujo
0029,00,Mae,Alec8ter,2017-03-06,9538,2,367,653,PNG,NA,http://eightspartans.tumblr.com/post/158014813531/i-love-this-game
0030,00,Buntkatz,Louis Wain,2017-03-07,7286,5,142,203,PNG,NA,https://e926.net/post/show/743559
0031,00,Autósvlag,Froge,2017-03-08,1164,6,375,250,PNG,Yes,Self
0032,00,Dance,Shane Frost,2017-03-09,3186,6,250,200,PNG,NA,https://www.furaffinity.net/full/22376562/
0033,00,Barnard,Ken Crawford,2017-03-10,3224,3,125,250,PNG,NA,http://www.imagingdeepsky.com/Nebulae/Horsehead/Horsehead.htm
0034,00,Pop Queen,BrasioPkmn,2017-03-11,8028,8,350,550,PNG,NA,https://brasiopkmn.deviantart.com/art/POP-QUEEN-638690927
0035,00,Konqui,Tyson Tan,2017-03-12,6776,128,113,188,PNG,NA,https://community.kde.org/File:Mascot_20140702_konqui-group.png
0036,00,Fahne,Froge,2017-03-13,223,3,88,32,PNG,NA,Self
0037,00,Flag,Joppiesaus,2017-03-14,316,2,88,32,PNG,NA,https://joppiesaus.neocities.org/frogy10kbmim.html
0038,00,Wizard,Unknown,2017-03-15,6790,8,200,250,PNG,NA,http://dl.katawa-shoujo.com/pr/wallpapers/wizard_wp_1920x1200.png
0039,00,Pigment,Dan Brady,2017-03-16,7072,64,130,95,PNG,NA,https://commons.wikimedia.org/wiki/File:Indian_pigments.jpg
0040,00,Tikal,Goshaag,2017-03-17,6295,16,213,245,PNG,NA,https://e926.net/post/show/1068690
0041,00,Blomträdgård,Froge,2017-03-18,333,5,88,32,PNG,Yes,Self
0042,00,3DS,Evan Amos,2017-03-19,1864,4,267,242,PNG,NA,https://commons.wikimedia.org/wiki/File:Nintendo-3DS-AquaOpen.png
0043,00,Bad Dreams,Blitzdrachin,2017-03-20,8901,16,222,173,PNG,NA,https://www.furaffinity.net/full/21402839/
0044,00,Mettaton,Deadsalesman,2017-03-24,3387,6,153,199,PNG,NA,https://deadsalesman.deviantart.com/art/ATTACK-OF-THE-KILLER-ROBOT-565705815
0045,00,Nomad,Hamdanmourad,2017-03-25,5168,8,256,256,PNG,NA,https://commons.wikimedia.org/wiki/File:Esprit_nomade.JPG
0046,00,Pony OC,Unknown,2017-03-26,9589,12,300,400,PNG,NA,https://www.youtube.com/watch?v=9RGAX69qnu8
0047,00,Cheerie,dsp2003,2017-03-28,5905,7,363,483,PNG,NA,http://dsp2003.tumblr.com/post/153595929589/an-8-panel-comic-about-mishaps-of-cheerie-from
0048,00,Hinotori,Tyson Tan,2017-03-30,3792,5,163,206,PNG,NA,https://e926.net/post/show/2925
0049,00,Voided,Zenirix,2017-04-03,4519,4,169,212,PNG,NA,https://www.furaffinity.net/full/20767548/
